Name;Email;Phone;Surname
Quin;sociis@magnanecquam.com;(02) 8720 7751;Wilson
Tanner;odio.a.purus@ut.net;(04) 9444 1859;Montgomery
Kenyon;pede.ultrices@consequatauctor.net;(03) 9165 5728;Mckenzie
Mikayla;urna@laoreet.co.uk;(06) 0409 3784;Weiss
Lesley;Donec@Duis.com;(01) 4886 8479;Cameron
Sierra;et.lacinia.vitae@sitametdapibus.ca;(03) 0224 2362;Stevens
Noah;molestie@nec.net;(05) 3758 8723;Buckner
Kelsie;semper@consectetueradipiscingelit.net;(02) 3384 8324;Hansen
Penelope;magna.a.neque@nibh.com;(01) 1400 2321;Martin
Coby;ipsum@Curabitur.co.uk;(06) 4979 5352;Sloan
Paul;cubilia.Curae@Phasellusdapibusquam.org;(01) 6824 6757;Lawson